vm_id,cores,mem
vm_00000,4,8192
vm_00001,2,8192
vm_00002,2,8192
vm_00003,2,4096
vm_00004,2,8192
vm_00005,4,32768
vm_00006,2,8192
vm_00007,4,8192
vm_00008,8,32768
vm_00009,2,4096
vm_00010,2,8192
vm_00011,4,32768
vm_00012,8,32768
vm_00013,2,8192
vm_00014,2,8192
vm_00015,2,8192
vm_00016,2,4096
vm_00017,2,2048
vm_00018,2,4096
vm_00019,2,8192
vm_00020,4,32768
vm_00021,2,8192
vm_00022,2,8192
vm_00023,4,32768
vm_00024,2,4096
vm_00025,2,8192
vm_00026,2,2048
vm_00027,4,32768
vm_00028,4,65536
vm_00029,2,8192
vm_00030,4,8192
vm_00031,2,2048
vm_00032,2,2048
vm_00033,4,8192
vm_00034,4,32768
vm_00035,2,4096
vm_00036,2,8192
vm_00037,2,8192
vm_00038,4,32768
vm_00039,4,32768
vm_00040,4,8192
vm_00041,2,8192
vm_00042,2,2048
vm_00043,4,32768
vm_00044,4,65536
vm_00045,4,8192
vm_00046,4,32768
vm_00047,2,8192
vm_00048,4,8192
vm_00049,2,8192
vm_00050,8,32768
vm_00051,2,8192
vm_00052,2,4096
vm_00053,4,32768
vm_00054,2,8192
vm_00055,4,32768
vm_00056,4,65536
vm_00057,2,8192
vm_00058,2,8192
vm_00059,2,4096
vm_00060,2,8192
vm_00061,2,2048
vm_00062,8,32768
vm_00063,4,65536
vm_00064,2,8192
vm_00065,4,32768
vm_00066,8,32768
vm_00067,2,2048
vm_00068,2,8192
vm_00069,2,4096
vm_00070,4,8192
vm_00071,2,4096
vm_00072,2,2048
vm_00073,2,8192
vm_00074,4,32768
vm_00075,8,32768
vm_00076,4,32768
vm_00077,2,4096
vm_00078,2,2048
vm_00079,2,8192
vm_00080,4,8192
vm_00081,8,32768
vm_00082,2,8192
vm_00083,2,4096
vm_00084,2,8192
vm_00085,4,32768
vm_00086,4,32768
vm_00087,2,8192
vm_00088,4,32768
vm_00089,2,4096
vm_00090,2,8192
vm_00091,2,8192
vm_00092,4,65536
vm_00093,4,32768
vm_00094,2,2048
vm_00095,4,32768
vm_00096,2,8192
vm_00097,8,32768
vm_00098,2,8192
vm_00099,2,2048
vm_00100,2,8192
vm_00101,2,8192
vm_00102,2,8192
vm_00103,2,2048
vm_00104,4,65536
vm_00105,2,8192
vm_00106,4,8192
vm_00107,4,32768
vm_00108,2,2048
vm_00109,4,32768
vm_00110,4,32768
vm_00111,8,32768
vm_00112,4,32768
vm_00113,2,8192
vm_00114,4,65536
vm_00115,2,4096
vm_00116,2,8192
vm_00117,2,4096
vm_00118,4,32768
vm_00119,8,32768
vm_00120,4,32768
vm_00121,2,4096
vm_00122,2,4096
vm_00123,2,2048
vm_00124,2,8192
vm_00125,2,8192
vm_00126,2,2048
vm_00127,4,32768
vm_00128,2,2048
vm_00129,4,8192
vm_00130,2,4096
vm_00131,4,32768
vm_00132,4,8192
vm_00133,2,8192
vm_00134,2,8192
vm_00135,2,2048
vm_00136,2,4096
vm_00137,8,32768
vm_00138,4,32768
vm_00139,2,4096
vm_00140,2,4096
vm_00141,2,4096
vm_00142,4,32768
vm_00143,2,8192
vm_00144,2,2048
vm_00145,4,32768
vm_00146,2,4096
vm_00147,4,32768
vm_00148,4,32768
vm_00149,2,8192
vm_00150,2,8192
vm_00151,2,8192
vm_00152,2,4096
vm_00153,2,4096
vm_00154,2,8192
vm_00155,4,8192
vm_00156,2,8192
vm_00157,2,4096
vm_00158,4,32768
vm_00159,4,32768
vm_00160,2,8192
vm_00161,2,8192
vm_00162,2,4096
vm_00163,8,32768
vm_00164,4,32768
vm_00165,2,4096
vm_00166,2,4096
vm_00167,24,65536
vm_00168,2,8192
vm_00169,2,2048
vm_00170,2,2048
vm_00171,4,32768
vm_00172,2,8192
vm_00173,2,4096
vm_00174,2,4096
vm_00175,4,32768
vm_00176,4,32768
vm_00177,2,8192
vm_00178,2,4096
vm_00179,4,32768
vm_00180,2,8192
vm_00181,8,32768
vm_00182,2,4096
vm_00183,2,8192
vm_00184,2,4096
vm_00185,2,2048
vm_00186,2,2048
vm_00187,4,32768
vm_00188,2,4096
vm_00189,2,8192
vm_00190,4,32768
vm_00191,8,32768
vm_00192,4,32768
vm_00193,4,32768
vm_00194,2,2048
vm_00195,4,65536
vm_00196,24,65536
vm_00197,4,32768
vm_00198,2,8192
vm_00199,2,8192
vm_00200,2,2048
vm_00201,2,8192
vm_00202,8,32768
vm_00203,4,32768
vm_00204,8,32768
vm_00205,2,8192
vm_00206,2,8192
vm_00207,4,32768
vm_00208,2,8192
vm_00209,2,2048
vm_00210,4,32768
vm_00211,4,32768
vm_00212,2,8192
vm_00213,2,8192
vm_00214,2,8192
vm_00215,4,32768
vm_00216,4,32768
vm_00217,4,32768
vm_00218,8,32768
vm_00219,2,2048
vm_00220,4,32768
vm_00221,2,2048
vm_00222,8,32768
vm_00223,2,2048
vm_00224,4,8192
vm_00225,2,8192
vm_00226,2,8192
vm_00227,4,32768
vm_00228,2,2048
vm_00229,4,8192
vm_00230,2,8192
vm_00231,4,32768
vm_00232,2,2048
vm_00233,2,8192
vm_00234,2,8192
vm_00235,2,4096
vm_00236,2,8192
vm_00237,2,2048
vm_00238,2,8192
vm_00239,2,8192
vm_00240,2,8192
vm_00241,4,32768
vm_00242,4,8192
vm_00243,2,2048
vm_00244,2,2048
vm_00245,2,4096
vm_00246,2,8192
vm_00247,2,8192
vm_00248,2,2048
vm_00249,2,2048
vm_00250,4,8192
vm_00251,4,32768
vm_00252,2,8192
vm_00253,4,32768
vm_00254,2,8192
vm_00255,4,8192
vm_00256,2,4096
vm_00257,2,8192
vm_00258,8,32768
vm_00259,8,32768
vm_00260,2,4096
vm_00261,2,8192
vm_00262,2,2048
vm_00263,4,32768
vm_00264,2,4096
vm_00265,2,2048
vm_00266,2,8192
vm_00267,2,2048
vm_00268,4,8192
vm_00269,4,32768
vm_00270,2,8192
vm_00271,4,32768
vm_00272,2,8192
vm_00273,24,65536
vm_00274,4,32768
vm_00275,2,8192
vm_00276,2,2048
vm_00277,2,8192
vm_00278,4,32768
vm_00279,4,32768
vm_00280,4,32768
vm_00281,2,4096
vm_00282,2,2048
vm_00283,4,32768
vm_00284,4,8192
vm_00285,2,2048
vm_00286,4,32768
vm_00287,2,4096
vm_00288,4,32768
vm_00289,2,8192
vm_00290,2,8192
vm_00291,8,32768
vm_00292,2,2048
vm_00293,2,4096
vm_00294,2,8192
vm_00295,2,2048
vm_00296,2,8192
vm_00297,2,2048
vm_00298,2,8192
vm_00299,2,8192
vm_00300,4,32768
vm_00301,2,2048
vm_00302,24,65536
vm_00303,2,2048
vm_00304,4,32768
vm_00305,8,32768
vm_00306,4,32768
vm_00307,2,8192
vm_00308,2,4096
vm_00309,4,32768
vm_00310,2,2048
vm_00311,2,8192
vm_00312,4,32768
vm_00313,2,8192
vm_00314,4,32768
vm_00315,2,4096
vm_00316,2,2048
vm_00317,2,8192
vm_00318,2,8192
vm_00319,2,8192
vm_00320,4,32768
vm_00321,2,8192
vm_00322,2,2048
vm_00323,4,8192
vm_00324,8,32768
vm_00325,4,32768
vm_00326,2,8192
vm_00327,2,2048
vm_00328,2,8192
vm_00329,2,8192
vm_00330,2,8192
vm_00331,4,32768
vm_00332,2,4096
vm_00333,2,8192
vm_00334,4,32768
vm_00335,2,8192
vm_00336,2,8192
vm_00337,2,4096
vm_00338,2,8192
vm_00339,2,4096
vm_00340,8,32768
vm_00341,2,8192
vm_00342,4,65536
vm_00343,4,8192
vm_00344,2,8192
vm_00345,8,32768
vm_00346,8,32768
vm_00347,4,32768
vm_00348,2,8192
vm_00349,8,32768
vm_00350,2,8192
vm_00351,2,8192
vm_00352,24,65536
vm_00353,4,32768
vm_00354,4,32768
vm_00355,4,32768
vm_00356,2,4096
vm_00357,2,8192
vm_00358,2,8192
vm_00359,4,32768
vm_00360,4,32768
vm_00361,2,4096
vm_00362,2,4096
vm_00363,4,32768
vm_00364,4,32768
vm_00365,4,32768
vm_00366,4,8192
vm_00367,4,32768
vm_00368,4,32768
vm_00369,4,32768
vm_00370,4,32768
vm_00371,8,32768
vm_00372,2,4096
vm_00373,2,4096
vm_00374,4,8192
vm_00375,4,32768
vm_00376,2,4096
vm_00377,4,8192
vm_00378,4,8192
vm_00379,2,8192
vm_00380,2,4096
vm_00381,4,32768
vm_00382,2,4096
vm_00383,4,65536
vm_00384,2,4096
vm_00385,2,8192
vm_00386,8,32768
vm_00387,2,2048
vm_00388,2,8192
vm_00389,2,8192
vm_00390,2,2048
vm_00391,2,4096
vm_00392,2,8192
vm_00393,2,8192
vm_00394,2,4096
vm_00395,2,8192
vm_00396,2,4096
vm_00397,2,4096
vm_00398,4,32768
vm_00399,2,8192
vm_00400,2,2048
vm_00401,24,65536
vm_00402,2,2048
vm_00403,4,32768
vm_00404,2,8192
vm_00405,2,8192
vm_00406,8,32768
vm_00407,2,2048
vm_00408,8,32768
vm_00409,2,8192
vm_00410,2,2048
vm_00411,2,8192
vm_00412,2,4096
vm_00413,2,8192
vm_00414,2,4096
vm_00415,2,8192
vm_00416,2,8192
vm_00417,2,2048
vm_00418,4,32768
vm_00419,4,32768
vm_00420,2,2048
vm_00421,4,32768
vm_00422,8,32768
vm_00423,2,2048
vm_00424,8,32768
vm_00425,2,2048
vm_00426,2,8192
vm_00427,2,8192
vm_00428,2,2048
vm_00429,4,32768
vm_00430,4,32768
vm_00431,2,2048
vm_00432,2,8192
vm_00433,2,8192
vm_00434,2,8192
vm_00435,2,8192
vm_00436,8,32768
vm_00437,2,8192
vm_00438,2,4096
vm_00439,2,8192
vm_00440,24,65536
vm_00441,2,8192
vm_00442,8,32768
vm_00443,4,32768
vm_00444,4,32768
vm_00445,4,8192
vm_00446,4,32768
vm_00447,4,32768
vm_00448,2,2048
vm_00449,4,32768
vm_00450,4,32768
vm_00451,2,8192
vm_00452,24,65536
vm_00453,2,2048
vm_00454,4,32768
vm_00455,4,32768
vm_00456,2,4096
vm_00457,4,32768
vm_00458,2,8192
vm_00459,2,8192
vm_00460,4,32768
vm_00461,4,32768
vm_00462,8,32768
vm_00463,4,32768
vm_00464,2,8192
vm_00465,8,32768
vm_00466,2,8192
vm_00467,2,8192
vm_00468,4,32768
vm_00469,8,32768
vm_00470,4,32768
vm_00471,8,32768
vm_00472,2,8192
vm_00473,2,8192
vm_00474,8,32768
vm_00475,4,8192
vm_00476,4,65536
vm_00477,4,8192
vm_00478,2,4096
vm_00479,24,65536
vm_00480,4,32768
vm_00481,2,8192
vm_00482,2,8192
vm_00483,2,8192
vm_00484,4,8192
vm_00485,4,32768
vm_00486,2,2048
vm_00487,2,2048
vm_00488,4,32768
vm_00489,2,8192
vm_00490,2,8192
vm_00491,2,2048
vm_00492,8,32768
vm_00493,2,8192
vm_00494,2,4096
vm_00495,2,8192
vm_00496,2,8192
vm_00497,2,8192
vm_00498,2,8192
vm_00499,4,8192
vm_00500,2,8192
vm_00501,2,4096
vm_00502,4,32768
vm_00503,2,8192
vm_00504,2,8192
vm_00505,2,8192
vm_00506,4,32768
vm_00507,2,8192
vm_00508,2,8192
vm_00509,4,8192
vm_00510,4,32768
vm_00511,2,4096
vm_00512,4,32768
vm_00513,8,32768
vm_00514,2,8192
vm_00515,2,4096
vm_00516,24,65536
vm_00517,2,8192
vm_00518,2,2048
vm_00519,2,8192
vm_00520,2,8192
vm_00521,4,65536
vm_00522,8,32768
vm_00523,2,8192
vm_00524,2,8192
vm_00525,2,2048
vm_00526,4,32768
vm_00527,2,8192
vm_00528,2,4096
vm_00529,8,32768
vm_00530,2,2048
vm_00531,2,8192
vm_00532,4,32768
vm_00533,2,8192
vm_00534,2,4096
vm_00535,4,32768
vm_00536,2,8192
vm_00537,2,8192
vm_00538,4,32768
vm_00539,2,8192
vm_00540,4,32768
vm_00541,4,32768
vm_00542,4,65536
vm_00543,2,8192
vm_00544,2,8192
vm_00545,4,32768
vm_00546,2,8192
vm_00547,2,8192
vm_00548,4,32768
vm_00549,4,32768
vm_00550,2,8192
vm_00551,2,8192
vm_00552,4,32768
vm_00553,4,32768
vm_00554,2,8192
vm_00555,2,2048
vm_00556,2,2048
vm_00557,2,4096
vm_00558,4,32768
vm_00559,4,32768
vm_00560,4,8192
vm_00561,4,32768
vm_00562,2,4096
vm_00563,4,32768
vm_00564,2,2048
vm_00565,4,32768
vm_00566,24,65536
vm_00567,2,4096
vm_00568,2,4096
vm_00569,4,32768
vm_00570,4,32768
vm_00571,2,8192
vm_00572,2,4096
vm_00573,4,32768
vm_00574,2,8192
vm_00575,24,65536
vm_00576,2,4096
vm_00577,8,32768
vm_00578,4,32768
vm_00579,2,8192
vm_00580,2,8192
vm_00581,2,2048
vm_00582,8,32768
vm_00583,2,8192
vm_00584,8,32768
vm_00585,4,8192
vm_00586,4,32768
vm_00587,4,32768
vm_00588,24,65536
vm_00589,8,32768
vm_00590,2,8192
vm_00591,2,8192
vm_00592,2,8192
vm_00593,8,32768
vm_00594,2,4096
vm_00595,4,32768
vm_00596,4,32768
vm_00597,2,8192
vm_00598,2,8192
vm_00599,2,2048
vm_00600,2,8192
vm_00601,4,32768
vm_00602,2,2048
vm_00603,4,32768
vm_00604,2,4096
vm_00605,2,8192
vm_00606,2,8192
vm_00607,4,32768
vm_00608,2,8192
vm_00609,2,8192
vm_00610,2,4096
vm_00611,4,8192
vm_00612,4,32768
vm_00613,2,2048
vm_00614,4,32768
vm_00615,2,8192
vm_00616,2,4096
vm_00617,2,2048
vm_00618,4,8192
vm_00619,2,8192
vm_00620,2,8192
vm_00621,2,4096
vm_00622,2,8192
vm_00623,4,32768
vm_00624,2,8192
vm_00625,2,4096
vm_00626,2,8192
vm_00627,2,2048
vm_00628,2,8192
vm_00629,4,32768
vm_00630,2,8192
vm_00631,8,32768
vm_00632,4,32768
vm_00633,2,2048
vm_00634,4,32768
vm_00635,4,65536
vm_00636,8,32768
vm_00637,2,8192
vm_00638,2,4096
vm_00639,4,32768
vm_00640,2,8192
vm_00641,2,4096
vm_00642,24,65536
vm_00643,8,32768
vm_00644,8,32768
vm_00645,2,8192
vm_00646,2,8192
vm_00647,2,8192
vm_00648,2,8192
vm_00649,4,8192
vm_00650,2,8192
vm_00651,2,8192
vm_00652,4,32768
vm_00653,2,2048
vm_00654,24,65536
vm_00655,2,8192
vm_00656,2,4096
vm_00657,2,8192
vm_00658,2,2048
vm_00659,2,8192
vm_00660,24,65536
vm_00661,8,32768
vm_00662,4,8192
vm_00663,2,8192
vm_00664,2,8192
vm_00665,2,8192
vm_00666,2,4096
vm_00667,2,4096
vm_00668,2,8192
vm_00669,2,8192
vm_00670,2,8192
vm_00671,2,4096
vm_00672,4,32768
vm_00673,2,4096
vm_00674,2,4096
vm_00675,24,65536
vm_00676,4,32768
vm_00677,2,8192
vm_00678,4,32768
vm_00679,2,8192
vm_00680,2,4096
vm_00681,4,32768
vm_00682,4,8192
vm_00683,24,65536
vm_00684,4,8192
vm_00685,2,8192
vm_00686,2,8192
vm_00687,2,8192
vm_00688,8,32768
vm_00689,2,8192
vm_00690,2,8192
vm_00691,2,2048
vm_00692,2,2048
vm_00693,4,32768
vm_00694,2,2048
vm_00695,2,8192
vm_00696,4,32768
vm_00697,2,4096
vm_00698,2,2048
vm_00699,4,32768
vm_00700,2,8192
vm_00701,2,4096
vm_00702,4,32768
vm_00703,2,2048
vm_00704,2,8192
vm_00705,4,32768
vm_00706,24,65536
vm_00707,4,8192
vm_00708,4,8192
vm_00709,2,4096
vm_00710,4,8192
vm_00711,2,8192
vm_00712,4,32768
vm_00713,4,32768
vm_00714,24,65536
vm_00715,4,8192
vm_00716,2,2048
vm_00717,2,4096
vm_00718,2,8192
vm_00719,8,32768
vm_00720,2,2048
vm_00721,2,8192
vm_00722,4,32768
vm_00723,2,4096
vm_00724,4,32768
vm_00725,2,8192
vm_00726,2,8192
vm_00727,2,8192
vm_00728,2,8192
vm_00729,4,8192
vm_00730,2,4096
vm_00731,4,32768
vm_00732,4,32768
vm_00733,4,32768
vm_00734,2,8192
vm_00735,2,8192
vm_00736,2,8192
vm_00737,2,8192
vm_00738,2,2048
vm_00739,2,8192
vm_00740,2,4096
vm_00741,2,8192
vm_00742,24,65536
vm_00743,2,2048
vm_00744,4,32768
vm_00745,2,8192
vm_00746,2,8192
vm_00747,4,32768
vm_00748,2,4096
vm_00749,8,32768
vm_00750,4,32768
vm_00751,2,8192
vm_00752,4,32768
vm_00753,2,8192
vm_00754,2,8192
vm_00755,2,4096
vm_00756,4,8192
vm_00757,2,8192
vm_00758,24,65536
vm_00759,2,4096
vm_00760,2,8192
vm_00761,2,8192
vm_00762,2,8192
vm_00763,4,32768
vm_00764,2,2048
vm_00765,4,32768
vm_00766,2,4096
vm_00767,4,32768
vm_00768,24,65536
vm_00769,2,8192
vm_00770,2,4096
vm_00771,2,8192
vm_00772,2,8192
vm_00773,2,2048
vm_00774,4,32768
vm_00775,4,8192
vm_00776,2,8192
vm_00777,2,4096
vm_00778,2,8192
vm_00779,4,32768
vm_00780,4,32768
vm_00781,2,4096
vm_00782,8,32768
vm_00783,4,65536
vm_00784,4,32768
vm_00785,2,2048
vm_00786,2,4096
vm_00787,4,32768
vm_00788,2,4096
vm_00789,2,8192
vm_00790,4,8192
vm_00791,2,8192
vm_00792,24,65536
vm_00793,4,32768
vm_00794,4,8192
vm_00795,4,32768
vm_00796,2,2048
vm_00797,2,4096
vm_00798,2,4096
vm_00799,2,4096
vm_00800,4,32768
vm_00801,2,8192
vm_00802,4,32768
vm_00803,2,8192
vm_00804,4,32768
vm_00805,4,32768
vm_00806,4,32768
vm_00807,8,32768
vm_00808,2,8192
vm_00809,4,32768
vm_00810,2,8192
vm_00811,4,32768
vm_00812,4,32768
vm_00813,4,32768
vm_00814,2,8192
vm_00815,2,8192
vm_00816,24,65536
vm_00817,4,32768
vm_00818,2,4096
vm_00819,2,2048
vm_00820,2,2048
vm_00821,2,8192
vm_00822,2,8192
vm_00823,4,32768
vm_00824,2,4096
vm_00825,24,65536
vm_00826,2,8192
vm_00827,2,2048
vm_00828,24,65536
vm_00829,4,32768
vm_00830,2,8192
vm_00831,2,8192
vm_00832,4,32768
vm_00833,2,2048
vm_00834,2,8192
vm_00835,2,8192
vm_00836,8,32768
vm_00837,2,2048
vm_00838,2,8192
vm_00839,2,4096
vm_00840,4,32768
vm_00841,2,8192
vm_00842,4,8192
vm_00843,2,8192
vm_00844,4,32768
vm_00845,2,8192
vm_00846,4,32768
vm_00847,2,2048
vm_00848,4,32768
vm_00849,8,32768
vm_00850,4,65536
vm_00851,4,32768
vm_00852,2,4096
vm_00853,2,2048
vm_00854,2,2048
vm_00855,8,32768
vm_00856,2,8192
vm_00857,4,32768
vm_00858,4,32768
vm_00859,2,8192
vm_00860,2,8192
vm_00861,4,8192
vm_00862,2,8192
vm_00863,8,32768
vm_00864,2,2048
vm_00865,2,8192
vm_00866,2,8192
vm_00867,4,32768
vm_00868,2,8192
vm_00869,4,32768
vm_00870,2,4096
vm_00871,2,4096
vm_00872,4,65536
vm_00873,2,2048
vm_00874,2,4096
vm_00875,8,32768
vm_00876,2,4096
vm_00877,2,2048
vm_00878,2,4096
vm_00879,2,4096
vm_00880,2,4096
vm_00881,2,8192
vm_00882,8,32768
vm_00883,2,8192
vm_00884,2,2048
vm_00885,8,32768
vm_00886,2,8192
vm_00887,2,8192
vm_00888,8,32768
vm_00889,2,8192
vm_00890,4,8192
vm_00891,4,32768
vm_00892,2,8192
vm_00893,2,8192
vm_00894,4,32768
vm_00895,8,32768
vm_00896,4,32768
vm_00897,2,2048
vm_00898,8,32768
vm_00899,8,32768
vm_00900,2,2048
vm_00901,2,4096
vm_00902,2,8192
vm_00903,2,8192
vm_00904,2,8192
vm_00905,2,8192
vm_00906,2,8192
vm_00907,4,32768
vm_00908,4,8192
vm_00909,4,32768
vm_00910,2,8192
vm_00911,2,8192
vm_00912,2,4096
vm_00913,2,2048
vm_00914,2,8192
vm_00915,4,32768
vm_00916,2,8192
vm_00917,2,8192
vm_00918,4,32768
vm_00919,4,8192
vm_00920,4,32768
vm_00921,8,32768
vm_00922,8,32768
vm_00923,4,32768
vm_00924,4,32768
vm_00925,2,2048
vm_00926,8,32768
vm_00927,4,32768
vm_00928,2,8192
vm_00929,2,8192
vm_00930,2,8192
vm_00931,2,4096
vm_00932,8,32768
vm_00933,4,32768
vm_00934,2,8192
vm_00935,2,2048
vm_00936,2,8192
vm_00937,2,8192
vm_00938,4,32768
vm_00939,4,32768
vm_00940,4,32768
vm_00941,4,32768
vm_00942,2,2048
vm_00943,4,65536
vm_00944,2,8192
vm_00945,4,32768
vm_00946,2,4096
vm_00947,2,2048
vm_00948,2,8192
vm_00949,2,4096
vm_00950,2,2048
vm_00951,4,32768
vm_00952,2,8192
vm_00953,2,8192
vm_00954,4,32768
vm_00955,2,8192
vm_00956,2,4096
vm_00957,8,32768
vm_00958,8,32768
vm_00959,2,8192
vm_00960,4,65536
vm_00961,4,32768
vm_00962,4,8192
vm_00963,2,8192
vm_00964,4,32768
vm_00965,2,2048
vm_00966,2,8192
vm_00967,8,32768
vm_00968,2,4096
vm_00969,4,65536
vm_00970,4,32768
vm_00971,4,8192
vm_00972,2,8192
vm_00973,2,4096
vm_00974,2,8192
vm_00975,8,32768
vm_00976,2,8192
vm_00977,2,2048
vm_00978,2,2048
vm_00979,2,8192
vm_00980,2,8192
vm_00981,4,8192
vm_00982,2,8192
vm_00983,4,32768
vm_00984,4,32768
vm_00985,2,2048
vm_00986,4,32768
vm_00987,2,8192
vm_00988,4,32768
vm_00989,4,32768
vm_00990,4,32768
vm_00991,4,32768
vm_00992,2,4096
vm_00993,4,8192
vm_00994,4,32768
vm_00995,2,4096
vm_00996,2,4096
vm_00997,2,4096
vm_00998,4,32768
vm_00999,4,32768
vm_01000,2,4096
vm_01001,4,32768
vm_01002,2,8192
vm_01003,4,32768
vm_01004,2,8192
vm_01005,4,32768
vm_01006,8,32768
vm_01007,4,8192
vm_01008,4,32768
vm_01009,4,32768
vm_01010,4,32768
vm_01011,2,8192
vm_01012,4,32768
vm_01013,2,8192
vm_01014,2,2048
vm_01015,2,8192
vm_01016,2,8192
vm_01017,2,2048
vm_01018,2,8192
vm_01019,2,8192
vm_01020,2,8192
vm_01021,4,8192
vm_01022,4,32768
vm_01023,8,32768
vm_01024,4,32768
vm_01025,4,32768
vm_01026,2,8192
vm_01027,2,8192
vm_01028,4,65536
vm_01029,4,32768
vm_01030,4,32768
vm_01031,4,32768
vm_01032,2,8192
vm_01033,2,2048
vm_01034,4,65536
vm_01035,4,32768
vm_01036,2,8192
vm_01037,2,8192
vm_01038,2,8192
vm_01039,2,4096
vm_01040,24,65536
vm_01041,2,8192
vm_01042,2,8192
vm_01043,2,8192
vm_01044,2,8192
vm_01045,2,8192
vm_01046,2,8192
vm_01047,2,2048
vm_01048,4,32768
vm_01049,4,65536
vm_01050,2,8192
vm_01051,2,4096
vm_01052,2,8192
vm_01053,2,4096
vm_01054,2,8192
vm_01055,4,32768
vm_01056,4,8192
vm_01057,2,8192
vm_01058,2,2048
vm_01059,2,4096
vm_01060,2,2048
vm_01061,2,8192
vm_01062,8,32768
vm_01063,4,8192
vm_01064,24,65536
vm_01065,4,8192
vm_01066,2,2048
vm_01067,4,32768
vm_01068,4,8192
vm_01069,4,32768
vm_01070,4,32768
vm_01071,2,2048
vm_01072,2,2048
vm_01073,4,32768
vm_01074,4,8192
vm_01075,4,32768
vm_01076,2,8192
vm_01077,24,65536
vm_01078,2,4096
vm_01079,2,8192
vm_01080,2,4096
vm_01081,4,32768
vm_01082,8,65536
vm_01083,2,2048
vm_01084,2,4096
vm_01085,4,32768
vm_01086,2,8192
vm_01087,2,8192
vm_01088,4,32768
vm_01089,2,4096
vm_01090,4,8192
vm_01091,4,32768
vm_01092,2,4096
vm_01093,2,8192
vm_01094,4,8192
vm_01095,4,65536
vm_01096,2,8192
vm_01097,2,8192
vm_01098,2,4096
vm_01099,4,32768
vm_01100,2,4096
vm_01101,2,8192
vm_01102,2,8192
vm_01103,4,32768
vm_01104,4,32768
vm_01105,2,2048
vm_01106,2,8192
vm_01107,2,8192
vm_01108,4,8192
vm_01109,4,32768
vm_01110,4,32768
vm_01111,8,32768
vm_01112,2,4096
vm_01113,2,2048
vm_01114,2,2048
vm_01115,4,65536
vm_01116,2,8192
vm_01117,4,32768
vm_01118,2,8192
vm_01119,2,4096
vm_01120,4,32768
vm_01121,2,8192
vm_01122,4,32768
vm_01123,4,8192
vm_01124,2,8192
vm_01125,8,32768
vm_01126,4,65536
vm_01127,8,32768
vm_01128,2,4096
vm_01129,8,32768
vm_01130,2,2048
vm_01131,4,32768
vm_01132,2,2048
vm_01133,8,32768
vm_01134,4,8192
vm_01135,4,32768
vm_01136,2,8192
vm_01137,8,32768
vm_01138,2,8192
vm_01139,4,32768
vm_01140,2,4096
vm_01141,2,8192
vm_01142,2,8192
vm_01143,2,4096
vm_01144,2,8192
vm_01145,4,32768
vm_01146,2,8192
vm_01147,4,32768
vm_01148,2,2048
vm_01149,2,4096
vm_01150,4,32768
vm_01151,2,8192
vm_01152,4,32768
vm_01153,2,4096
vm_01154,2,8192
vm_01155,2,4096
vm_01156,2,8192
vm_01157,2,8192
vm_01158,2,2048
vm_01159,2,8192
vm_01160,2,8192
vm_01161,4,32768
vm_01162,4,32768
vm_01163,2,8192
vm_01164,2,8192
vm_01165,2,4096
vm_01166,4,8192
vm_01167,2,4096
vm_01168,8,32768
vm_01169,2,4096
vm_01170,2,8192
vm_01171,2,4096
vm_01172,2,4096
vm_01173,8,32768
vm_01174,2,8192
vm_01175,2,8192
vm_01176,2,8192
vm_01177,2,4096
vm_01178,2,2048
vm_01179,4,8192
vm_01180,4,32768
vm_01181,2,8192
vm_01182,2,8192
vm_01183,4,8192
vm_01184,2,4096
vm_01185,4,32768
vm_01186,4,8192
vm_01187,2,8192
vm_01188,2,4096
vm_01189,2,8192
vm_01190,2,8192
vm_01191,4,65536
vm_01192,2,4096
vm_01193,4,8192
vm_01194,4,32768
vm_01195,4,8192
vm_01196,8,32768
vm_01197,2,4096
vm_01198,2,8192
vm_01199,4,32768
vm_01200,2,8192
vm_01201,24,65536
vm_01202,2,8192
vm_01203,8,32768
vm_01204,4,65536
vm_01205,4,32768
vm_01206,2,8192
vm_01207,8,32768
vm_01208,4,32768
vm_01209,2,2048
vm_01210,24,65536
vm_01211,2,2048
vm_01212,2,8192
vm_01213,2,8192
vm_01214,2,4096
vm_01215,2,8192
vm_01216,4,65536
vm_01217,2,8192
vm_01218,2,8192
vm_01219,24,65536
vm_01220,2,8192
vm_01221,4,65536
vm_01222,2,8192
vm_01223,2,4096
vm_01224,2,8192
vm_01225,2,4096
vm_01226,2,8192
vm_01227,8,32768
vm_01228,2,8192
vm_01229,2,2048
vm_01230,4,32768
vm_01231,2,4096
vm_01232,2,4096
vm_01233,2,4096
vm_01234,4,8192
vm_01235,2,8192
vm_01236,24,65536
vm_01237,2,8192
vm_01238,2,8192
vm_01239,4,32768
vm_01240,2,2048
vm_01241,24,65536
vm_01242,4,65536
vm_01243,2,8192
vm_01244,2,8192
vm_01245,8,32768
vm_01246,8,32768
vm_01247,4,32768
vm_01248,4,32768
vm_01249,4,8192
vm_01250,4,32768
vm_01251,8,32768
vm_01252,2,2048
vm_01253,2,2048
vm_01254,2,2048
vm_01255,4,32768
vm_01256,2,8192
vm_01257,4,32768
vm_01258,2,4096
vm_01259,4,32768
vm_01260,2,8192
vm_01261,2,4096
vm_01262,4,32768
vm_01263,2,8192
vm_01264,2,4096
vm_01265,2,8192
vm_01266,2,8192
vm_01267,4,32768
vm_01268,8,32768
vm_01269,4,8192
vm_01270,4,32768
vm_01271,8,32768
vm_01272,2,4096
vm_01273,2,8192
vm_01274,2,8192
vm_01275,4,65536
vm_01276,24,65536
vm_01277,2,2048
vm_01278,24,65536
vm_01279,8,32768
vm_01280,2,8192
vm_01281,8,32768
vm_01282,2,8192
vm_01283,2,8192
vm_01284,2,4096
vm_01285,4,8192
vm_01286,2,4096
vm_01287,4,32768
vm_01288,2,2048
vm_01289,4,32768
vm_01290,4,8192
vm_01291,4,32768
vm_01292,24,65536
vm_01293,4,32768
vm_01294,2,4096
vm_01295,24,65536
vm_01296,2,8192
vm_01297,2,8192
vm_01298,4,32768
vm_01299,2,8192
vm_01300,4,32768
vm_01301,2,8192
vm_01302,2,4096
vm_01303,2,8192
vm_01304,4,32768
vm_01305,2,2048
vm_01306,4,65536
vm_01307,2,8192
vm_01308,2,4096
vm_01309,2,4096
vm_01310,4,8192
vm_01311,4,32768
vm_01312,4,32768
vm_01313,4,32768
vm_01314,2,4096
vm_01315,2,8192
vm_01316,2,2048
vm_01317,4,32768
vm_01318,4,32768
vm_01319,2,4096
vm_01320,8,32768
vm_01321,2,2048
vm_01322,8,32768
vm_01323,2,8192
vm_01324,2,8192
vm_01325,2,4096
vm_01326,4,8192
vm_01327,4,8192
vm_01328,2,8192
vm_01329,2,2048
vm_01330,2,8192
vm_01331,2,8192
vm_01332,4,32768
vm_01333,2,8192
vm_01334,2,8192
vm_01335,2,2048
vm_01336,4,32768
vm_01337,2,2048
vm_01338,4,32768
vm_01339,24,65536
vm_01340,2,4096
vm_01341,2,4096
vm_01342,2,2048
vm_01343,2,8192
vm_01344,2,4096
vm_01345,4,32768
vm_01346,2,2048
vm_01347,2,8192
vm_01348,2,8192
vm_01349,2,8192
vm_01350,24,65536
vm_01351,2,8192
vm_01352,2,8192
vm_01353,2,8192
vm_01354,2,4096
vm_01355,2,2048
vm_01356,2,4096
vm_01357,2,8192
vm_01358,4,32768
vm_01359,2,8192
vm_01360,2,8192
vm_01361,2,8192
vm_01362,2,2048
vm_01363,2,8192
vm_01364,4,65536
vm_01365,2,8192
vm_01366,4,65536
vm_01367,2,8192
vm_01368,2,8192
vm_01369,2,8192
vm_01370,2,4096
vm_01371,4,8192
vm_01372,2,8192
vm_01373,2,8192
vm_01374,4,8192
vm_01375,4,32768
vm_01376,2,8192
vm_01377,4,32768
vm_01378,2,8192
vm_01379,2,2048
vm_01380,2,8192
vm_01381,4,8192
vm_01382,2,4096
vm_01383,4,32768
vm_01384,2,4096
vm_01385,4,32768
vm_01386,4,32768
vm_01387,2,4096
vm_01388,2,4096
vm_01389,2,8192
vm_01390,4,32768
vm_01391,8,32768
vm_01392,2,4096
vm_01393,2,4096
vm_01394,2,8192
vm_01395,4,32768
vm_01396,4,65536
vm_01397,2,2048
vm_01398,4,32768
vm_01399,2,4096
vm_01400,2,8192
vm_01401,2,4096
vm_01402,4,32768
vm_01403,4,32768
vm_01404,4,32768
vm_01405,2,4096
vm_01406,24,65536
vm_01407,2,2048
vm_01408,4,32768
vm_01409,2,2048
vm_01410,2,4096
vm_01411,2,4096
vm_01412,2,8192
vm_01413,2,8192
vm_01414,4,32768
vm_01415,2,2048
vm_01416,4,32768
vm_01417,2,2048
vm_01418,2,8192
vm_01419,4,32768
vm_01420,2,4096
vm_01421,2,8192
vm_01422,4,32768
vm_01423,2,2048
vm_01424,4,32768
vm_01425,2,4096
vm_01426,2,8192
vm_01427,4,8192
vm_01428,4,32768
vm_01429,2,8192
vm_01430,2,8192
vm_01431,8,32768
vm_01432,2,2048
vm_01433,4,32768
vm_01434,2,8192
vm_01435,2,8192
vm_01436,4,32768
vm_01437,2,8192
vm_01438,4,32768
vm_01439,2,8192
vm_01440,4,32768
vm_01441,2,2048
vm_01442,4,8192
vm_01443,24,65536
vm_01444,2,2048
vm_01445,24,65536
vm_01446,2,4096
vm_01447,2,2048
vm_01448,2,8192
vm_01449,24,65536
vm_01450,2,8192
vm_01451,2,4096
vm_01452,2,8192
vm_01453,4,32768
vm_01454,4,32768
vm_01455,4,8192
vm_01456,4,32768
vm_01457,2,2048
vm_01458,4,65536
vm_01459,4,32768
vm_01460,2,8192
vm_01461,4,32768
vm_01462,4,8192
vm_01463,4,65536
vm_01464,2,8192
vm_01465,2,8192
vm_01466,2,4096
vm_01467,2,2048
vm_01468,2,8192
vm_01469,2,4096
vm_01470,8,32768
vm_01471,4,32768
vm_01472,2,2048
vm_01473,2,8192
vm_01474,2,8192
vm_01475,4,32768
vm_01476,2,4096
vm_01477,4,65536
vm_01478,4,65536
vm_01479,2,4096
vm_01480,2,8192
vm_01481,4,32768
vm_01482,2,8192
vm_01483,2,8192
vm_01484,2,8192
vm_01485,2,8192
vm_01486,4,32768
vm_01487,2,4096
vm_01488,2,4096
vm_01489,2,2048
vm_01490,4,8192
vm_01491,2,4096
vm_01492,2,8192
vm_01493,4,32768
vm_01494,2,4096
vm_01495,4,32768
vm_01496,2,8192
vm_01497,2,8192
vm_01498,4,32768
vm_01499,2,8192
vm_01500,2,4096
vm_01501,4,65536
vm_01502,2,8192
vm_01503,2,8192
vm_01504,2,4096
vm_01505,2,2048
vm_01506,8,32768
vm_01507,2,2048
vm_01508,4,8192
vm_01509,8,32768
vm_01510,4,32768
vm_01511,2,2048
vm_01512,4,8192
vm_01513,2,8192
vm_01514,4,32768
vm_01515,2,8192
vm_01516,8,32768
vm_01517,24,65536
vm_01518,2,2048
vm_01519,2,4096
vm_01520,2,4096
vm_01521,8,32768
vm_01522,2,8192
vm_01523,4,32768
vm_01524,2,8192
vm_01525,2,8192
vm_01526,8,32768
vm_01527,2,2048
vm_01528,2,4096
vm_01529,2,8192
vm_01530,4,32768
vm_01531,2,4096
vm_01532,4,32768
vm_01533,4,32768
vm_01534,2,4096
vm_01535,2,2048
vm_01536,2,2048
vm_01537,2,8192
vm_01538,2,4096
vm_01539,2,4096
vm_01540,2,4096
vm_01541,2,8192
vm_01542,2,8192
vm_01543,8,32768
vm_01544,2,4096
vm_01545,4,8192
vm_01546,2,2048
vm_01547,8,32768
vm_01548,4,8192
vm_01549,2,8192
vm_01550,2,4096
vm_01551,2,2048
vm_01552,2,4096
vm_01553,2,8192
vm_01554,4,32768
vm_01555,2,4096
vm_01556,4,32768
vm_01557,2,8192
vm_01558,2,8192
vm_01559,4,8192
vm_01560,2,4096
vm_01561,8,32768
vm_01562,4,32768
vm_01563,24,65536
vm_01564,2,8192
vm_01565,2,4096
vm_01566,4,32768
vm_01567,4,32768
vm_01568,2,8192
vm_01569,4,32768
vm_01570,4,32768
vm_01571,4,32768
vm_01572,2,8192
vm_01573,8,32768
vm_01574,4,8192
vm_01575,2,8192
vm_01576,4,8192
vm_01577,2,4096
vm_01578,2,8192
vm_01579,2,2048
vm_01580,8,32768
vm_01581,4,32768
vm_01582,2,4096
vm_01583,4,32768
vm_01584,4,32768
vm_01585,2,4096
vm_01586,8,32768
vm_01587,24,65536
vm_01588,4,8192
vm_01589,4,32768
vm_01590,8,32768
vm_01591,4,32768
vm_01592,2,8192
vm_01593,4,32768
vm_01594,2,2048
vm_01595,2,4096
vm_01596,8,32768
vm_01597,4,32768
vm_01598,2,2048
vm_01599,4,32768
vm_01600,4,32768
vm_01601,4,32768
vm_01602,2,4096
vm_01603,2,2048
vm_01604,2,8192
vm_01605,2,2048
vm_01606,2,8192
vm_01607,4,32768
vm_01608,4,32768
vm_01609,2,2048
vm_01610,4,32768
vm_01611,2,4096
vm_01612,2,8192
vm_01613,2,2048
vm_01614,4,32768
vm_01615,4,32768
vm_01616,8,32768
vm_01617,4,32768
vm_01618,8,32768
vm_01619,2,8192
vm_01620,2,8192
vm_01621,2,8192
vm_01622,2,2048
vm_01623,2,2048
vm_01624,4,32768
vm_01625,2,8192
vm_01626,2,2048
vm_01627,2,4096
vm_01628,2,8192
vm_01629,2,2048
vm_01630,2,8192
vm_01631,2,8192
vm_01632,2,2048
vm_01633,2,8192
vm_01634,4,32768
vm_01635,2,2048
vm_01636,8,32768
vm_01637,2,4096
vm_01638,4,32768
vm_01639,24,65536
vm_01640,2,4096
vm_01641,2,2048
vm_01642,2,8192
vm_01643,2,4096
vm_01644,2,2048
vm_01645,4,32768
vm_01646,2,2048
vm_01647,2,8192
vm_01648,2,8192
vm_01649,4,32768
vm_01650,4,32768
vm_01651,2,8192
vm_01652,2,2048
vm_01653,4,8192
vm_01654,2,4096
vm_01655,2,8192
vm_01656,4,32768
vm_01657,2,8192
vm_01658,2,4096
vm_01659,2,4096
vm_01660,2,4096
vm_01661,2,8192
vm_01662,2,4096
vm_01663,8,32768
vm_01664,2,8192
vm_01665,2,2048
vm_01666,2,2048
vm_01667,2,2048
vm_01668,2,8192
vm_01669,2,8192
vm_01670,2,2048
vm_01671,2,4096
vm_01672,24,65536
vm_01673,4,32768
vm_01674,8,32768
vm_01675,2,2048
vm_01676,2,8192
vm_01677,8,32768
vm_01678,2,4096
vm_01679,4,32768
vm_01680,2,2048
vm_01681,2,8192
vm_01682,2,4096
vm_01683,24,65536
vm_01684,2,8192
vm_01685,2,4096
vm_01686,2,8192
vm_01687,4,32768
vm_01688,2,2048
vm_01689,8,32768
vm_01690,4,32768
vm_01691,2,4096
vm_01692,4,8192
vm_01693,2,4096
vm_01694,2,8192
vm_01695,2,2048
vm_01696,2,2048
vm_01697,4,32768
vm_01698,4,8192
vm_01699,2,8192
vm_01700,2,2048
vm_01701,4,32768
vm_01702,2,8192
vm_01703,2,4096
vm_01704,2,8192
vm_01705,4,32768
vm_01706,2,4096
vm_01707,2,4096
vm_01708,2,8192
vm_01709,4,32768
vm_01710,4,32768
vm_01711,4,32768
vm_01712,4,32768
vm_01713,2,4096
vm_01714,2,8192
vm_01715,2,8192
vm_01716,2,8192
vm_01717,4,32768
vm_01718,2,4096
vm_01719,2,8192
vm_01720,2,8192
vm_01721,2,4096
vm_01722,4,32768
vm_01723,8,32768
vm_01724,2,4096
vm_01725,2,4096
vm_01726,2,2048
vm_01727,2,8192
vm_01728,4,32768
vm_01729,4,32768
vm_01730,4,32768
vm_01731,2,8192
vm_01732,2,4096
vm_01733,4,32768
vm_01734,2,8192
vm_01735,2,4096
vm_01736,4,65536
vm_01737,8,32768
vm_01738,4,32768
vm_01739,8,32768
vm_01740,2,8192
vm_01741,4,8192
vm_01742,2,8192
vm_01743,2,8192
vm_01744,8,32768
vm_01745,2,8192
vm_01746,2,8192
vm_01747,4,32768
vm_01748,4,8192
vm_01749,8,32768
vm_01750,4,32768
vm_01751,2,2048
vm_01752,4,32768
vm_01753,4,8192
vm_01754,2,4096
vm_01755,2,8192
vm_01756,2,4096
vm_01757,2,4096
vm_01758,4,32768
vm_01759,4,32768
vm_01760,2,2048
vm_01761,4,32768
vm_01762,4,32768
vm_01763,2,8192
vm_01764,4,32768
vm_01765,4,32768
vm_01766,4,32768
vm_01767,2,2048
vm_01768,2,8192
vm_01769,2,4096
vm_01770,4,32768
vm_01771,2,2048
vm_01772,2,8192
vm_01773,4,32768
vm_01774,2,8192
vm_01775,4,65536
vm_01776,4,8192
vm_01777,4,32768
vm_01778,4,32768
vm_01779,2,2048
vm_01780,2,8192
vm_01781,24,65536
vm_01782,4,32768
vm_01783,4,32768
vm_01784,2,4096
vm_01785,4,32768
vm_01786,8,32768
vm_01787,2,8192
vm_01788,4,65536
vm_01789,2,2048
vm_01790,2,8192
vm_01791,2,2048
vm_01792,4,8192
vm_01793,2,8192
vm_01794,2,2048
vm_01795,4,8192
vm_01796,4,32768
vm_01797,2,8192
vm_01798,2,8192
vm_01799,4,32768
vm_01800,4,8192
vm_01801,8,32768
vm_01802,2,4096
vm_01803,4,32768
vm_01804,2,8192
vm_01805,2,8192
vm_01806,4,32768
vm_01807,4,32768
vm_01808,4,32768
vm_01809,2,8192
vm_01810,2,4096
vm_01811,2,2048
vm_01812,2,8192
vm_01813,4,32768
vm_01814,2,8192
vm_01815,2,8192
vm_01816,2,2048
vm_01817,8,32768
vm_01818,2,4096
vm_01819,2,8192
vm_01820,2,8192
vm_01821,8,32768
vm_01822,24,65536
vm_01823,8,32768
vm_01824,4,32768
vm_01825,2,8192
vm_01826,8,32768
vm_01827,4,65536
vm_01828,2,2048
vm_01829,4,32768
vm_01830,2,8192
vm_01831,4,32768
vm_01832,2,8192
vm_01833,4,32768
vm_01834,2,8192
vm_01835,2,8192
vm_01836,2,4096
vm_01837,2,8192
vm_01838,2,8192
vm_01839,4,32768
vm_01840,4,65536
vm_01841,4,32768
vm_01842,2,2048
vm_01843,4,32768
vm_01844,2,8192
vm_01845,2,4096
vm_01846,2,2048
vm_01847,4,32768
vm_01848,2,4096
vm_01849,24,65536
vm_01850,4,8192
vm_01851,2,8192
vm_01852,8,32768
vm_01853,2,8192
vm_01854,8,32768
vm_01855,2,8192
vm_01856,2,4096
vm_01857,2,8192
vm_01858,8,32768
vm_01859,4,65536
vm_01860,4,32768
vm_01861,2,8192
vm_01862,2,8192
vm_01863,4,32768
vm_01864,2,2048
vm_01865,2,2048
vm_01866,2,4096
vm_01867,2,8192
vm_01868,2,8192
vm_01869,2,4096
vm_01870,8,32768
vm_01871,4,65536
vm_01872,2,8192
vm_01873,2,4096
vm_01874,2,8192
vm_01875,4,32768
vm_01876,2,2048
vm_01877,2,2048
vm_01878,4,65536
vm_01879,4,32768
vm_01880,2,8192
vm_01881,4,32768
vm_01882,2,2048
vm_01883,2,4096
vm_01884,2,8192
vm_01885,4,65536
vm_01886,2,4096
vm_01887,4,32768
vm_01888,4,32768
vm_01889,2,8192
vm_01890,2,8192
vm_01891,8,32768
vm_01892,2,8192
vm_01893,4,32768
vm_01894,2,8192
vm_01895,4,32768
vm_01896,24,65536
vm_01897,4,65536
vm_01898,8,32768
vm_01899,2,8192
vm_01900,4,32768
vm_01901,2,2048
vm_01902,2,8192
vm_01903,8,32768
vm_01904,2,8192
vm_01905,4,8192
vm_01906,8,32768
vm_01907,8,32768
vm_01908,4,32768
vm_01909,2,4096
vm_01910,2,2048
vm_01911,2,4096
vm_01912,4,32768
vm_01913,2,2048
vm_01914,2,4096
vm_01915,2,2048
vm_01916,2,4096
vm_01917,2,4096
vm_01918,2,8192
vm_01919,2,2048
vm_01920,4,32768
vm_01921,24,65536
vm_01922,2,4096
vm_01923,2,4096
vm_01924,4,32768
vm_01925,4,32768
vm_01926,4,32768
vm_01927,2,8192
vm_01928,4,32768
vm_01929,4,32768
vm_01930,4,32768
vm_01931,2,8192
vm_01932,4,8192
vm_01933,2,4096
vm_01934,4,32768
vm_01935,4,32768
vm_01936,2,4096
vm_01937,4,32768
vm_01938,4,32768
vm_01939,8,32768
vm_01940,4,32768
vm_01941,2,8192
vm_01942,2,4096
vm_01943,4,65536
vm_01944,2,2048
vm_01945,4,65536
vm_01946,8,32768
vm_01947,2,8192
vm_01948,4,32768
vm_01949,2,8192
vm_01950,4,32768
vm_01951,2,8192
vm_01952,4,32768
vm_01953,2,4096
vm_01954,4,32768
vm_01955,2,8192
vm_01956,2,8192
vm_01957,2,8192
vm_01958,2,2048
vm_01959,8,32768
vm_01960,2,2048
vm_01961,2,8192
vm_01962,2,8192
vm_01963,4,32768
vm_01964,2,8192
vm_01965,2,4096
vm_01966,2,2048
vm_01967,2,4096
vm_01968,4,32768
vm_01969,2,8192
vm_01970,4,32768
vm_01971,2,2048
vm_01972,2,8192
vm_01973,4,8192
vm_01974,2,4096
vm_01975,2,8192
vm_01976,4,8192
vm_01977,8,32768
vm_01978,4,32768
vm_01979,2,2048
vm_01980,2,8192
vm_01981,8,32768
vm_01982,2,2048
vm_01983,2,8192
vm_01984,2,8192
vm_01985,2,4096
vm_01986,4,32768
vm_01987,2,8192
vm_01988,4,32768
vm_01989,2,8192
vm_01990,2,4096
vm_01991,2,8192
vm_01992,2,8192
vm_01993,2,8192
vm_01994,2,4096
vm_01995,2,8192
vm_01996,2,2048
vm_01997,4,32768
vm_01998,4,32768
vm_01999,8,32768
vm_02000,4,32768
vm_02001,2,8192
vm_02002,4,8192
vm_02003,2,2048
vm_02004,2,4096
vm_02005,24,65536
vm_02006,2,4096
vm_02007,4,32768
vm_02008,4,32768
vm_02009,2,2048
vm_02010,2,8192
vm_02011,2,8192
vm_02012,2,2048
vm_02013,4,8192
vm_02014,2,8192
vm_02015,24,65536
vm_02016,4,32768
vm_02017,4,32768
vm_02018,2,8192
vm_02019,2,8192
vm_02020,4,65536
vm_02021,4,8192
vm_02022,4,32768
vm_02023,4,65536
vm_02024,2,8192
vm_02025,2,8192
vm_02026,2,2048
vm_02027,4,8192
vm_02028,2,8192
vm_02029,2,2048
vm_02030,2,4096
vm_02031,2,4096
vm_02032,4,8192
vm_02033,4,32768
vm_02034,8,32768
vm_02035,2,8192
vm_02036,4,32768
vm_02037,4,8192
vm_02038,2,8192
vm_02039,2,4096
vm_02040,4,8192
vm_02041,4,32768
vm_02042,4,32768
vm_02043,4,32768
vm_02044,2,8192
vm_02045,2,8192
vm_02046,2,4096
vm_02047,2,4096
vm_02048,8,32768
vm_02049,4,8192
vm_02050,2,2048
vm_02051,8,32768
vm_02052,4,32768
vm_02053,2,8192
vm_02054,2,4096
vm_02055,2,8192
vm_02056,8,32768
vm_02057,4,32768
vm_02058,24,65536
vm_02059,2,2048
vm_02060,2,2048
vm_02061,24,65536
vm_02062,4,8192
vm_02063,2,2048
vm_02064,2,8192
vm_02065,4,32768
vm_02066,4,32768
vm_02067,4,32768
vm_02068,4,8192
vm_02069,2,2048
vm_02070,4,8192
vm_02071,4,32768
vm_02072,4,8192
vm_02073,8,32768
vm_02074,2,8192
vm_02075,2,8192
vm_02076,2,8192
vm_02077,2,4096
vm_02078,8,32768
vm_02079,2,8192
vm_02080,2,2048
vm_02081,2,8192
vm_02082,4,8192
vm_02083,2,4096
vm_02084,2,8192
vm_02085,4,32768
vm_02086,2,4096
vm_02087,4,32768
vm_02088,2,2048
vm_02089,2,2048
vm_02090,4,65536
vm_02091,2,4096
vm_02092,2,8192
vm_02093,2,2048
vm_02094,2,8192
vm_02095,2,8192
vm_02096,4,32768
vm_02097,2,2048
vm_02098,2,8192
vm_02099,4,32768
vm_02100,2,4096
vm_02101,4,32768
vm_02102,2,8192
vm_02103,2,8192
vm_02104,4,8192
vm_02105,2,8192
vm_02106,2,8192
vm_02107,4,32768
vm_02108,2,8192
vm_02109,8,32768
vm_02110,2,8192
vm_02111,2,8192
vm_02112,4,8192
vm_02113,2,8192
vm_02114,2,2048
vm_02115,2,2048
vm_02116,4,32768
vm_02117,4,32768
vm_02118,4,32768
vm_02119,2,8192
vm_02120,2,2048
vm_02121,2,8192
vm_02122,2,8192
vm_02123,8,32768
vm_02124,2,8192
vm_02125,4,65536
vm_02126,2,8192
vm_02127,4,32768
vm_02128,2,8192
vm_02129,4,32768
vm_02130,2,2048
vm_02131,4,32768
vm_02132,2,8192
vm_02133,4,32768
vm_02134,2,4096
vm_02135,4,32768
vm_02136,4,32768
vm_02137,2,2048
vm_02138,4,32768
vm_02139,2,4096
vm_02140,4,65536
vm_02141,4,32768
vm_02142,2,8192
vm_02143,2,8192
vm_02144,2,8192
vm_02145,2,8192
vm_02146,2,4096
vm_02147,4,32768
vm_02148,2,2048
vm_02149,2,8192
vm_02150,2,4096
vm_02151,4,32768
vm_02152,2,8192
vm_02153,4,32768
vm_02154,4,32768
vm_02155,2,8192
vm_02156,2,8192
vm_02157,8,32768
vm_02158,2,2048
vm_02159,4,8192
vm_02160,4,32768
vm_02161,2,8192
vm_02162,2,8192
vm_02163,2,4096
vm_02164,4,32768
vm_02165,4,32768
vm_02166,4,8192
vm_02167,4,32768
vm_02168,2,8192
vm_02169,2,8192
vm_02170,2,8192
vm_02171,4,32768
vm_02172,4,8192
vm_02173,2,8192
vm_02174,2,4096
vm_02175,4,32768
vm_02176,2,8192
vm_02177,4,65536
vm_02178,4,32768
vm_02179,2,8192
vm_02180,2,4096
vm_02181,2,4096
vm_02182,2,8192
vm_02183,2,2048
vm_02184,4,32768
vm_02185,4,32768
vm_02186,2,8192
vm_02187,2,2048
vm_02188,2,8192
vm_02189,4,8192
vm_02190,4,32768
vm_02191,2,8192
vm_02192,4,32768
vm_02193,2,8192
vm_02194,2,8192
vm_02195,4,32768
vm_02196,2,4096
vm_02197,2,4096
vm_02198,2,8192
vm_02199,4,32768
vm_02200,2,8192
vm_02201,2,8192
vm_02202,2,8192
vm_02203,4,32768
vm_02204,8,32768
vm_02205,2,4096
vm_02206,2,2048
vm_02207,2,8192
vm_02208,2,8192
vm_02209,8,32768
vm_02210,2,4096
vm_02211,2,8192
vm_02212,4,32768
vm_02213,8,32768
vm_02214,2,8192
vm_02215,2,4096
vm_02216,2,2048
vm_02217,2,8192
vm_02218,2,8192
vm_02219,4,32768
vm_02220,4,65536
vm_02221,4,32768
vm_02222,2,2048
vm_02223,2,2048
vm_02224,2,2048
vm_02225,2,2048
vm_02226,2,8192
vm_02227,2,2048
vm_02228,2,8192
vm_02229,2,8192
vm_02230,8,65536
vm_02231,2,4096
vm_02232,2,2048
vm_02233,2,4096
vm_02234,2,2048
vm_02235,2,8192
vm_02236,2,2048
vm_02237,8,32768
vm_02238,2,8192
vm_02239,2,2048
vm_02240,4,8192
vm_02241,4,32768
vm_02242,4,32768
vm_02243,2,4096
vm_02244,4,32768
vm_02245,4,32768
vm_02246,8,32768
vm_02247,4,32768
vm_02248,4,32768
vm_02249,2,8192
vm_02250,2,8192
vm_02251,8,32768
vm_02252,2,2048
vm_02253,4,32768
vm_02254,4,32768
vm_02255,4,32768
vm_02256,2,8192
vm_02257,2,4096
vm_02258,2,2048
vm_02259,2,8192
vm_02260,2,8192
vm_02261,2,4096
vm_02262,4,32768
vm_02263,2,2048
vm_02264,2,2048
vm_02265,2,8192
vm_02266,4,8192
vm_02267,8,32768
vm_02268,2,8192
vm_02269,2,8192
vm_02270,4,32768
vm_02271,4,32768
vm_02272,4,32768
vm_02273,8,32768
vm_02274,2,8192
vm_02275,2,8192
vm_02276,8,32768
vm_02277,4,65536
vm_02278,4,32768
vm_02279,2,2048
vm_02280,2,4096
vm_02281,8,32768
vm_02282,4,8192
vm_02283,2,8192
vm_02284,2,4096
vm_02285,2,8192
vm_02286,2,8192
vm_02287,4,32768
vm_02288,4,32768
vm_02289,2,8192
vm_02290,4,32768
vm_02291,8,32768
vm_02292,2,8192
vm_02293,2,8192
vm_02294,2,8192
vm_02295,8,32768
vm_02296,2,4096
vm_02297,2,8192
vm_02298,2,4096
vm_02299,2,4096
vm_02300,2,8192
vm_02301,8,32768
vm_02302,2,2048
vm_02303,8,32768
vm_02304,4,32768
vm_02305,2,8192
vm_02306,2,8192
vm_02307,2,8192
vm_02308,4,65536
vm_02309,4,32768
vm_02310,2,4096
vm_02311,2,8192
vm_02312,2,2048
vm_02313,8,32768
vm_02314,4,32768
vm_02315,2,8192
vm_02316,2,8192
vm_02317,2,4096
vm_02318,2,4096
vm_02319,4,32768
vm_02320,2,2048
vm_02321,2,8192
vm_02322,2,8192
vm_02323,2,8192
vm_02324,4,8192
vm_02325,8,32768
vm_02326,2,2048
vm_02327,4,32768
vm_02328,2,2048
vm_02329,4,65536
vm_02330,2,8192
vm_02331,4,32768
vm_02332,2,8192
vm_02333,2,4096
vm_02334,4,8192
vm_02335,2,8192
vm_02336,2,4096
vm_02337,4,8192
vm_02338,4,8192
vm_02339,2,8192
vm_02340,2,2048
vm_02341,4,32768
vm_02342,4,32768
vm_02343,4,32768
vm_02344,4,32768
vm_02345,2,4096
vm_02346,8,32768
vm_02347,4,32768
vm_02348,2,4096
vm_02349,4,32768
vm_02350,2,2048
vm_02351,2,8192
vm_02352,4,32768
vm_02353,2,8192
vm_02354,2,4096
vm_02355,4,32768
vm_02356,4,32768
vm_02357,8,32768
vm_02358,2,8192
vm_02359,2,8192
vm_02360,2,8192
vm_02361,4,32768
vm_02362,24,65536
vm_02363,2,4096
vm_02364,2,8192
vm_02365,4,8192
vm_02366,4,8192
vm_02367,2,8192
vm_02368,2,8192
vm_02369,4,65536
vm_02370,2,4096
vm_02371,4,32768
vm_02372,8,32768
vm_02373,8,32768
vm_02374,2,4096
vm_02375,4,32768
vm_02376,2,8192
vm_02377,4,32768
vm_02378,8,32768
vm_02379,2,4096
vm_02380,4,32768
vm_02381,2,8192
vm_02382,4,8192
vm_02383,4,32768
vm_02384,2,8192
vm_02385,2,8192
vm_02386,4,32768
vm_02387,2,4096
vm_02388,2,8192
vm_02389,2,2048
vm_02390,24,65536
vm_02391,2,8192
vm_02392,4,32768
vm_02393,2,8192
vm_02394,4,32768
vm_02395,4,32768
vm_02396,24,65536
vm_02397,2,8192
vm_02398,2,2048
vm_02399,4,8192
vm_02400,2,8192
vm_02401,2,8192
vm_02402,4,8192
vm_02403,4,32768
vm_02404,2,2048
vm_02405,2,8192
vm_02406,4,32768
vm_02407,2,8192
vm_02408,2,8192
vm_02409,2,8192
vm_02410,2,8192
vm_02411,8,32768
vm_02412,2,2048
vm_02413,2,2048
vm_02414,2,4096
vm_02415,2,8192
vm_02416,2,2048
vm_02417,4,32768
vm_02418,2,8192
vm_02419,4,32768
vm_02420,2,8192
vm_02421,4,8192
vm_02422,2,8192
vm_02423,2,8192
vm_02424,2,8192
vm_02425,2,2048
vm_02426,4,32768
vm_02427,4,32768
vm_02428,8,32768
vm_02429,4,32768
vm_02430,2,4096
vm_02431,2,8192
vm_02432,2,8192
vm_02433,2,8192
vm_02434,4,32768
vm_02435,2,8192
vm_02436,2,8192
vm_02437,2,4096
vm_02438,2,8192
vm_02439,4,65536
vm_02440,4,32768
vm_02441,2,4096
vm_02442,2,8192
vm_02443,4,32768
vm_02444,4,8192
vm_02445,4,32768
vm_02446,4,32768
vm_02447,4,8192
vm_02448,2,4096
vm_02449,4,8192
vm_02450,4,32768
vm_02451,4,32768
vm_02452,2,8192
vm_02453,4,65536
vm_02454,2,4096
vm_02455,2,2048
vm_02456,2,8192
vm_02457,2,8192
vm_02458,4,65536
vm_02459,2,8192
vm_02460,2,8192
vm_02461,2,8192
vm_02462,2,8192
vm_02463,2,4096
vm_02464,2,4096
vm_02465,2,4096
vm_02466,2,2048
vm_02467,2,4096
vm_02468,2,8192
vm_02469,2,8192
vm_02470,4,32768
vm_02471,2,2048
vm_02472,2,8192
vm_02473,2,8192
vm_02474,2,8192
vm_02475,4,65536
vm_02476,2,8192
vm_02477,2,2048
vm_02478,2,8192
vm_02479,24,65536
vm_02480,2,4096
vm_02481,4,32768
vm_02482,2,4096
vm_02483,2,8192
vm_02484,2,8192
vm_02485,4,32768
vm_02486,4,32768
vm_02487,2,4096
vm_02488,2,8192
vm_02489,8,32768
vm_02490,2,2048
vm_02491,2,4096
vm_02492,4,8192
vm_02493,2,4096
vm_02494,2,8192
vm_02495,4,32768
vm_02496,2,8192
vm_02497,2,8192
vm_02498,4,65536
vm_02499,2,4096
vm_02500,2,8192
vm_02501,2,4096
vm_02502,2,8192
vm_02503,4,32768
vm_02504,4,32768
vm_02505,2,8192
vm_02506,2,4096
vm_02507,2,8192
vm_02508,2,8192
vm_02509,24,65536
vm_02510,4,32768
vm_02511,2,4096
vm_02512,8,32768
vm_02513,2,8192
vm_02514,2,2048
vm_02515,4,32768
vm_02516,4,32768
vm_02517,2,8192
vm_02518,4,32768
vm_02519,4,32768
vm_02520,2,4096
vm_02521,4,32768
vm_02522,4,8192
vm_02523,4,32768
vm_02524,2,2048
vm_02525,4,32768
vm_02526,4,32768
vm_02527,2,8192
vm_02528,2,8192
vm_02529,2,8192
vm_02530,2,2048
vm_02531,4,32768
vm_02532,2,2048
vm_02533,2,8192
vm_02534,2,4096
vm_02535,2,8192
vm_02536,8,65536
vm_02537,2,8192
vm_02538,2,8192
vm_02539,8,32768
vm_02540,24,65536
vm_02541,2,4096
vm_02542,4,32768
vm_02543,2,8192
vm_02544,2,8192
vm_02545,2,2048
vm_02546,2,8192
vm_02547,8,32768
vm_02548,2,2048
vm_02549,4,32768
vm_02550,4,8192
vm_02551,8,32768
vm_02552,4,32768
vm_02553,4,32768
vm_02554,2,8192
vm_02555,2,8192
vm_02556,2,2048
vm_02557,4,32768
vm_02558,2,8192
vm_02559,2,4096
vm_02560,2,4096
vm_02561,4,8192
vm_02562,2,8192
vm_02563,2,4096
vm_02564,2,8192
vm_02565,2,2048
vm_02566,2,4096
vm_02567,2,2048
vm_02568,4,32768
vm_02569,2,2048
vm_02570,4,8192
vm_02571,2,8192
vm_02572,4,8192
vm_02573,2,8192
vm_02574,2,4096
vm_02575,8,32768
vm_02576,4,32768
vm_02577,4,32768
vm_02578,2,8192
vm_02579,4,32768
vm_02580,2,8192
vm_02581,4,32768
vm_02582,4,8192
vm_02583,2,4096
vm_02584,2,8192
vm_02585,2,2048
vm_02586,2,8192
vm_02587,8,32768
vm_02588,4,32768
vm_02589,2,2048
vm_02590,4,8192
vm_02591,2,8192
vm_02592,4,32768
vm_02593,4,32768
vm_02594,2,4096
vm_02595,24,65536
vm_02596,2,2048
vm_02597,4,32768
vm_02598,4,32768
vm_02599,2,2048
vm_02600,2,8192
vm_02601,2,4096
vm_02602,2,2048
vm_02603,2,4096
vm_02604,4,8192
vm_02605,8,32768
vm_02606,2,4096
vm_02607,2,2048
vm_02608,8,32768
vm_02609,2,2048
vm_02610,4,32768
vm_02611,2,8192
vm_02612,2,2048
vm_02613,2,8192
vm_02614,4,32768
vm_02615,2,8192
vm_02616,4,65536
vm_02617,24,65536
vm_02618,2,8192
vm_02619,4,8192
vm_02620,2,8192
vm_02621,2,8192
vm_02622,2,8192
vm_02623,4,32768
vm_02624,2,4096
vm_02625,4,32768
vm_02626,2,8192
vm_02627,4,65536
vm_02628,2,8192
vm_02629,2,4096
vm_02630,4,32768
vm_02631,2,4096
vm_02632,4,8192
vm_02633,4,32768
vm_02634,2,8192
vm_02635,2,4096
vm_02636,8,32768
vm_02637,4,32768
vm_02638,4,8192
vm_02639,2,8192
vm_02640,2,8192
vm_02641,2,4096
vm_02642,4,8192
vm_02643,4,32768
vm_02644,2,4096
vm_02645,2,2048
vm_02646,4,65536
vm_02647,24,65536
vm_02648,2,2048
vm_02649,2,8192
vm_02650,2,8192
vm_02651,2,2048
vm_02652,4,8192
vm_02653,2,8192
vm_02654,2,4096
vm_02655,2,8192
vm_02656,2,8192
vm_02657,4,32768
vm_02658,4,32768
vm_02659,2,4096
vm_02660,2,4096
vm_02661,4,8192
vm_02662,2,8192
vm_02663,2,8192
vm_02664,2,4096
vm_02665,4,32768
vm_02666,2,8192
vm_02667,4,32768
vm_02668,2,8192
vm_02669,2,8192
vm_02670,2,4096
vm_02671,8,32768
vm_02672,2,2048
vm_02673,4,65536
vm_02674,8,32768
vm_02675,2,8192
vm_02676,4,32768
vm_02677,2,8192
vm_02678,2,8192
vm_02679,2,8192
vm_02680,2,2048
vm_02681,4,8192
vm_02682,24,65536
vm_02683,4,32768
vm_02684,4,8192
vm_02685,2,8192
vm_02686,2,8192
vm_02687,4,8192
vm_02688,8,32768
vm_02689,2,8192
vm_02690,2,2048
vm_02691,2,8192
vm_02692,4,32768
vm_02693,8,32768
vm_02694,2,8192
vm_02695,2,2048
vm_02696,2,8192
vm_02697,4,8192
vm_02698,2,8192
vm_02699,2,8192
vm_02700,4,32768
vm_02701,2,8192
vm_02702,2,4096
vm_02703,4,32768
vm_02704,2,8192
vm_02705,2,2048
vm_02706,8,32768
vm_02707,2,2048
vm_02708,2,8192
vm_02709,4,8192
vm_02710,4,32768
vm_02711,4,8192
vm_02712,2,4096
vm_02713,4,32768
vm_02714,2,2048
vm_02715,24,65536
vm_02716,2,8192
vm_02717,2,4096
vm_02718,2,8192
vm_02719,8,32768
vm_02720,2,8192
vm_02721,8,32768
vm_02722,2,4096
vm_02723,2,4096
vm_02724,2,4096
vm_02725,2,2048
vm_02726,24,65536
vm_02727,4,32768
vm_02728,2,8192
vm_02729,2,8192
vm_02730,4,32768
vm_02731,2,2048
vm_02732,2,8192
vm_02733,2,2048
vm_02734,2,8192
vm_02735,2,4096
vm_02736,2,4096
vm_02737,2,8192
vm_02738,2,2048
vm_02739,4,32768
vm_02740,2,4096
vm_02741,4,65536
vm_02742,4,32768
vm_02743,24,65536
vm_02744,4,32768
vm_02745,4,8192
vm_02746,4,32768
vm_02747,8,32768
vm_02748,4,32768
vm_02749,8,32768
vm_02750,2,2048
vm_02751,2,8192
vm_02752,4,32768
vm_02753,2,8192
vm_02754,2,2048
vm_02755,2,2048
vm_02756,2,2048
vm_02757,2,8192
vm_02758,4,32768
vm_02759,4,32768
vm_02760,4,32768
vm_02761,4,8192
vm_02762,2,4096
vm_02763,8,32768
vm_02764,2,8192
vm_02765,2,4096
vm_02766,2,4096
vm_02767,2,2048
vm_02768,2,8192
vm_02769,2,8192
vm_02770,2,4096
vm_02771,2,8192
vm_02772,2,2048
vm_02773,2,4096
vm_02774,4,32768
vm_02775,4,8192
vm_02776,24,65536
vm_02777,2,8192
vm_02778,24,65536
vm_02779,2,8192
vm_02780,4,32768
vm_02781,2,2048
vm_02782,2,4096
vm_02783,2,4096
vm_02784,2,8192
vm_02785,4,32768
vm_02786,2,8192
vm_02787,2,8192
vm_02788,4,32768
vm_02789,4,8192
vm_02790,2,4096
vm_02791,2,8192
vm_02792,2,4096
vm_02793,2,8192
vm_02794,4,32768
vm_02795,2,4096
vm_02796,4,65536
vm_02797,2,8192
vm_02798,4,32768
vm_02799,2,4096
vm_02800,2,4096
vm_02801,8,32768
vm_02802,2,8192
vm_02803,2,4096
vm_02804,4,8192
vm_02805,2,4096
vm_02806,4,32768
vm_02807,2,8192
vm_02808,2,8192
vm_02809,2,4096
vm_02810,4,65536
vm_02811,4,32768
vm_02812,2,4096
vm_02813,4,32768
vm_02814,4,32768
vm_02815,4,32768
vm_02816,2,2048
vm_02817,2,4096
vm_02818,4,32768
vm_02819,4,8192
vm_02820,2,8192
vm_02821,2,8192
vm_02822,4,32768
vm_02823,2,4096
vm_02824,2,8192
vm_02825,24,65536
vm_02826,2,2048
vm_02827,2,2048
vm_02828,4,32768
vm_02829,2,4096
vm_02830,4,32768
vm_02831,2,4096
vm_02832,2,4096
vm_02833,4,8192
vm_02834,2,2048
vm_02835,8,32768
vm_02836,4,32768
vm_02837,4,32768
vm_02838,2,8192
vm_02839,4,65536
vm_02840,2,8192
vm_02841,4,32768
vm_02842,4,32768
vm_02843,4,32768
vm_02844,4,32768
vm_02845,2,4096
vm_02846,4,8192
vm_02847,2,2048
vm_02848,2,4096
vm_02849,2,8192
vm_02850,2,2048
vm_02851,2,8192
vm_02852,2,2048
vm_02853,4,32768
vm_02854,2,8192
vm_02855,24,65536
vm_02856,24,65536
vm_02857,4,65536
vm_02858,2,2048
vm_02859,24,65536
vm_02860,2,8192
vm_02861,2,2048
vm_02862,4,32768
vm_02863,2,2048
vm_02864,2,8192
vm_02865,2,4096
vm_02866,24,65536
vm_02867,2,4096
vm_02868,2,4096
vm_02869,4,32768
vm_02870,2,4096
vm_02871,4,32768
vm_02872,4,8192
vm_02873,4,32768
vm_02874,4,65536
vm_02875,2,2048
vm_02876,2,2048
vm_02877,2,4096
vm_02878,2,8192
vm_02879,2,4096
vm_02880,2,2048
vm_02881,2,4096
vm_02882,2,8192
vm_02883,2,8192
vm_02884,4,32768
vm_02885,2,8192
vm_02886,2,2048
vm_02887,2,4096
vm_02888,2,8192
vm_02889,4,32768
vm_02890,2,8192
vm_02891,2,8192
vm_02892,2,4096
vm_02893,4,8192
vm_02894,2,8192
vm_02895,2,8192
vm_02896,4,32768
vm_02897,4,32768
vm_02898,2,8192
vm_02899,2,8192
vm_02900,2,8192
vm_02901,4,8192
vm_02902,24,65536
vm_02903,8,32768
vm_02904,2,4096
vm_02905,2,4096
vm_02906,2,4096
vm_02907,2,8192
vm_02908,4,8192
vm_02909,8,32768
vm_02910,4,65536
vm_02911,4,32768
vm_02912,2,2048
vm_02913,2,2048
vm_02914,2,8192
vm_02915,4,32768
vm_02916,2,8192
vm_02917,2,4096
vm_02918,4,8192
vm_02919,4,32768
vm_02920,2,8192
vm_02921,2,8192
vm_02922,2,4096
vm_02923,8,32768
vm_02924,2,8192
vm_02925,24,65536
vm_02926,8,32768
vm_02927,4,8192
vm_02928,2,4096
vm_02929,2,2048
vm_02930,4,65536
vm_02931,2,8192
vm_02932,4,32768
vm_02933,2,8192
vm_02934,2,8192
vm_02935,2,8192
vm_02936,2,8192
vm_02937,2,8192
vm_02938,4,32768
vm_02939,2,8192
vm_02940,4,32768
vm_02941,2,4096
vm_02942,2,8192
vm_02943,4,32768
vm_02944,2,2048
vm_02945,2,8192
vm_02946,2,8192
vm_02947,2,2048
vm_02948,4,32768
vm_02949,2,2048
vm_02950,2,8192
vm_02951,2,2048
vm_02952,2,4096
vm_02953,4,32768
vm_02954,24,65536
vm_02955,2,8192
vm_02956,4,32768
vm_02957,24,65536
vm_02958,4,32768
vm_02959,4,65536
vm_02960,4,32768
vm_02961,2,2048
vm_02962,2,8192
vm_02963,2,4096
vm_02964,2,8192
vm_02965,2,8192
vm_02966,2,8192
vm_02967,2,4096
vm_02968,2,8192
vm_02969,4,8192
vm_02970,2,8192
vm_02971,2,4096
vm_02972,4,32768
vm_02973,2,8192
vm_02974,2,8192
vm_02975,4,32768
vm_02976,2,8192
vm_02977,2,8192
vm_02978,4,32768
vm_02979,8,32768
vm_02980,2,4096
vm_02981,2,8192
vm_02982,4,65536
vm_02983,2,2048
vm_02984,8,32768
vm_02985,4,32768
vm_02986,4,32768
vm_02987,4,8192
vm_02988,4,8192
vm_02989,2,4096
vm_02990,4,65536
vm_02991,2,2048
vm_02992,2,8192
vm_02993,2,8192
vm_02994,2,2048
vm_02995,8,32768
vm_02996,4,65536
vm_02997,4,32768
vm_02998,4,32768
vm_02999,4,8192
vm_03000,2,2048
vm_03001,2,4096
vm_03002,2,4096
vm_03003,4,32768
vm_03004,2,8192
vm_03005,4,8192
vm_03006,2,4096
vm_03007,8,32768
vm_03008,2,8192
vm_03009,2,2048
vm_03010,4,32768
vm_03011,2,8192
vm_03012,4,32768
vm_03013,4,65536
vm_03014,4,32768
vm_03015,2,4096
vm_03016,2,4096
vm_03017,2,4096
vm_03018,4,32768
vm_03019,4,8192
vm_03020,2,2048
vm_03021,4,8192
vm_03022,4,32768
vm_03023,4,32768
vm_03024,2,8192
vm_03025,4,32768
vm_03026,2,4096
vm_03027,4,32768
vm_03028,4,8192
vm_03029,4,8192
vm_03030,2,8192
vm_03031,4,32768
vm_03032,2,4096
vm_03033,4,32768
vm_03034,2,8192
vm_03035,2,2048
vm_03036,2,8192
vm_03037,8,32768
vm_03038,4,32768
vm_03039,4,32768
vm_03040,24,65536
vm_03041,2,4096
vm_03042,2,8192
vm_03043,2,4096
vm_03044,2,2048
vm_03045,2,4096
vm_03046,2,4096
vm_03047,2,8192
vm_03048,2,4096
vm_03049,8,32768
vm_03050,4,32768
vm_03051,24,65536
vm_03052,2,4096
vm_03053,2,8192
vm_03054,4,32768
vm_03055,2,2048
vm_03056,2,8192
vm_03057,2,8192
vm_03058,4,32768
vm_03059,2,2048
vm_03060,24,65536
vm_03061,2,8192
vm_03062,4,32768
vm_03063,4,32768
vm_03064,4,32768
vm_03065,8,32768
vm_03066,4,32768
vm_03067,2,4096
vm_03068,2,2048
vm_03069,4,65536
vm_03070,2,8192
vm_03071,2,4096
vm_03072,24,65536
vm_03073,2,2048
vm_03074,2,2048
vm_03075,2,8192
vm_03076,4,65536
vm_03077,4,32768
vm_03078,2,2048
vm_03079,2,8192
vm_03080,2,8192
vm_03081,4,32768
vm_03082,4,32768
vm_03083,4,32768
vm_03084,2,4096
vm_03085,2,8192
vm_03086,2,8192
vm_03087,24,65536
vm_03088,2,8192
vm_03089,2,4096
vm_03090,2,4096
vm_03091,2,8192
vm_03092,2,8192
vm_03093,4,32768
vm_03094,4,65536
vm_03095,4,32768
vm_03096,2,8192
vm_03097,2,8192
vm_03098,4,32768
vm_03099,8,32768
vm_03100,4,32768
vm_03101,2,8192
vm_03102,8,32768
vm_03103,2,2048
vm_03104,4,32768
vm_03105,8,32768
vm_03106,2,2048
vm_03107,4,32768
vm_03108,4,32768
vm_03109,2,8192
vm_03110,4,32768
vm_03111,4,32768
vm_03112,2,8192
vm_03113,2,4096
vm_03114,4,32768
vm_03115,4,32768
vm_03116,2,4096
vm_03117,2,4096
vm_03118,2,8192
vm_03119,2,8192
vm_03120,2,8192
vm_03121,2,8192
vm_03122,2,8192
vm_03123,2,4096
vm_03124,4,32768
vm_03125,2,2048
vm_03126,2,4096
vm_03127,4,32768
vm_03128,4,65536
vm_03129,4,8192
vm_03130,4,32768
vm_03131,2,4096
vm_03132,4,65536
vm_03133,4,8192
vm_03134,4,32768
vm_03135,2,4096
vm_03136,2,2048
vm_03137,8,32768
vm_03138,4,32768
vm_03139,4,32768
vm_03140,2,8192
vm_03141,24,65536
vm_03142,4,32768
vm_03143,4,32768
vm_03144,4,32768
vm_03145,2,4096
vm_03146,4,32768
vm_03147,2,8192
vm_03148,2,8192
vm_03149,2,4096
vm_03150,4,32768
vm_03151,4,32768
vm_03152,2,8192
vm_03153,2,8192
vm_03154,2,4096
vm_03155,24,65536
vm_03156,2,8192
vm_03157,2,4096
vm_03158,4,8192
vm_03159,2,8192
vm_03160,4,32768
vm_03161,4,65536
vm_03162,2,8192
vm_03163,4,65536
vm_03164,4,32768
vm_03165,4,32768
vm_03166,2,4096
vm_03167,24,65536
vm_03168,2,8192
vm_03169,2,8192
vm_03170,4,32768
vm_03171,4,32768
vm_03172,2,4096
vm_03173,8,32768
vm_03174,2,8192
vm_03175,2,2048
vm_03176,2,2048
vm_03177,8,65536
vm_03178,8,32768
vm_03179,2,8192
vm_03180,2,2048
vm_03181,2,2048
vm_03182,2,8192
vm_03183,2,4096
vm_03184,4,8192
vm_03185,8,32768
vm_03186,2,4096
vm_03187,2,4096
vm_03188,8,32768
vm_03189,2,8192
vm_03190,2,8192
vm_03191,2,8192
vm_03192,4,8192
vm_03193,2,4096
vm_03194,2,4096
vm_03195,8,32768
vm_03196,2,4096
vm_03197,2,2048
vm_03198,2,2048
vm_03199,2,2048
vm_03200,4,32768
vm_03201,2,2048
vm_03202,2,4096
vm_03203,4,32768
vm_03204,2,2048
vm_03205,2,8192
vm_03206,2,8192
vm_03207,4,32768
vm_03208,2,2048
vm_03209,4,32768
vm_03210,2,8192
vm_03211,4,32768
vm_03212,8,32768
vm_03213,2,8192
vm_03214,8,32768
vm_03215,4,32768
vm_03216,4,8192
vm_03217,8,32768
vm_03218,4,8192
vm_03219,8,32768
vm_03220,4,32768
vm_03221,4,8192
vm_03222,2,4096
vm_03223,4,32768
vm_03224,2,8192
vm_03225,2,2048
vm_03226,2,4096
vm_03227,4,32768
vm_03228,2,2048
vm_03229,4,8192
vm_03230,2,8192
vm_03231,4,32768
vm_03232,2,4096
vm_03233,2,8192
vm_03234,2,8192
vm_03235,2,8192
vm_03236,4,32768
vm_03237,4,32768
vm_03238,4,32768
vm_03239,2,4096
vm_03240,2,2048
vm_03241,2,8192
vm_03242,2,8192
vm_03243,4,32768
vm_03244,2,4096
vm_03245,4,32768
vm_03246,24,65536
vm_03247,2,8192
vm_03248,4,8192
vm_03249,4,32768
vm_03250,8,32768
vm_03251,4,32768
vm_03252,2,4096
vm_03253,4,32768
vm_03254,24,65536
vm_03255,4,32768
vm_03256,2,2048
vm_03257,8,32768
vm_03258,2,8192
vm_03259,2,8192
vm_03260,4,32768
vm_03261,2,8192
vm_03262,4,32768
vm_03263,2,2048
vm_03264,4,8192
vm_03265,2,8192
vm_03266,2,8192
vm_03267,2,8192
vm_03268,4,32768
vm_03269,4,32768
vm_03270,4,32768
vm_03271,24,65536
vm_03272,2,8192
vm_03273,2,8192
vm_03274,2,4096
vm_03275,2,4096
vm_03276,2,8192
vm_03277,4,8192
vm_03278,4,32768
vm_03279,2,4096
vm_03280,2,8192
vm_03281,2,8192
vm_03282,4,32768
vm_03283,4,32768
vm_03284,4,32768
vm_03285,2,2048
vm_03286,4,32768
vm_03287,2,2048
vm_03288,2,8192
vm_03289,2,8192
vm_03290,4,32768
vm_03291,2,8192
vm_03292,2,8192
vm_03293,2,8192
vm_03294,2,8192
vm_03295,4,32768
vm_03296,8,32768
vm_03297,2,4096
vm_03298,2,2048
vm_03299,8,32768
vm_03300,2,4096
vm_03301,4,8192
vm_03302,2,8192
vm_03303,4,32768
vm_03304,2,8192
vm_03305,2,8192
vm_03306,2,4096
vm_03307,2,8192
vm_03308,2,4096
vm_03309,4,32768
vm_03310,2,8192
vm_03311,2,4096
vm_03312,4,32768
vm_03313,4,8192
vm_03314,8,32768
vm_03315,2,8192
vm_03316,2,2048
vm_03317,4,8192
vm_03318,4,32768
vm_03319,2,8192
vm_03320,4,32768
vm_03321,4,32768
vm_03322,4,32768
vm_03323,2,8192
vm_03324,4,32768
vm_03325,4,32768
vm_03326,2,4096
vm_03327,2,4096
vm_03328,2,4096
vm_03329,2,4096
vm_03330,2,8192
vm_03331,2,8192
vm_03332,2,4096
vm_03333,4,32768
vm_03334,2,8192
vm_03335,4,32768
vm_03336,2,8192
vm_03337,2,2048
vm_03338,2,8192
vm_03339,2,4096
vm_03340,2,4096
vm_03341,8,32768
vm_03342,2,8192
vm_03343,4,32768
vm_03344,4,32768
vm_03345,2,8192
vm_03346,4,32768
vm_03347,4,32768
vm_03348,4,32768
vm_03349,4,65536
vm_03350,4,32768
vm_03351,24,65536
vm_03352,8,32768
vm_03353,2,8192
vm_03354,4,32768
vm_03355,8,32768
vm_03356,2,2048
vm_03357,2,2048
vm_03358,2,8192
vm_03359,2,4096
vm_03360,2,8192
vm_03361,2,4096
vm_03362,2,8192
vm_03363,2,8192
vm_03364,2,8192
vm_03365,2,8192
vm_03366,2,2048
vm_03367,8,32768
vm_03368,2,8192
vm_03369,2,2048
vm_03370,2,8192
vm_03371,2,8192
vm_03372,2,8192
vm_03373,4,8192
vm_03374,4,32768
vm_03375,2,4096
vm_03376,2,4096
vm_03377,8,32768
vm_03378,2,4096
vm_03379,2,8192
vm_03380,24,65536
vm_03381,4,32768
vm_03382,24,65536
vm_03383,4,32768
vm_03384,4,65536
vm_03385,4,32768
vm_03386,2,8192
vm_03387,4,8192
vm_03388,2,8192
vm_03389,2,2048
vm_03390,2,2048
vm_03391,2,4096
vm_03392,24,65536
vm_03393,2,2048
vm_03394,2,8192
vm_03395,2,4096
vm_03396,2,2048
vm_03397,2,4096
vm_03398,4,32768
vm_03399,2,8192
vm_03400,4,8192
vm_03401,2,4096
vm_03402,4,32768
vm_03403,2,4096
vm_03404,4,32768
vm_03405,2,8192
vm_03406,2,8192
vm_03407,8,32768
vm_03408,4,32768
vm_03409,2,8192
vm_03410,8,32768
vm_03411,2,8192
vm_03412,2,8192
vm_03413,2,2048
vm_03414,2,2048
vm_03415,2,2048
vm_03416,2,4096
vm_03417,4,32768
vm_03418,2,2048
vm_03419,2,2048
vm_03420,2,4096
vm_03421,4,32768
vm_03422,2,8192
vm_03423,2,8192
vm_03424,4,32768
vm_03425,4,8192
vm_03426,2,8192
vm_03427,2,8192
vm_03428,4,8192
vm_03429,4,32768
vm_03430,2,8192
vm_03431,2,8192
vm_03432,2,2048
vm_03433,2,2048
vm_03434,2,8192
vm_03435,4,32768
vm_03436,2,8192
vm_03437,4,32768
vm_03438,4,65536
vm_03439,2,8192
vm_03440,4,65536
vm_03441,2,8192
vm_03442,2,2048
vm_03443,8,32768
vm_03444,2,4096
vm_03445,2,4096
vm_03446,2,8192
vm_03447,2,8192
vm_03448,2,8192
vm_03449,8,32768
vm_03450,2,4096
vm_03451,2,4096
vm_03452,2,2048
vm_03453,4,32768
vm_03454,24,65536
vm_03455,4,32768
vm_03456,2,8192
vm_03457,24,65536
vm_03458,4,32768
vm_03459,4,32768
vm_03460,4,8192
vm_03461,4,32768
vm_03462,2,8192
vm_03463,2,8192
vm_03464,2,2048
vm_03465,4,65536
vm_03466,4,32768
vm_03467,4,32768
vm_03468,2,8192
vm_03469,2,2048
vm_03470,2,8192
vm_03471,4,32768
vm_03472,2,4096
vm_03473,2,8192
vm_03474,4,8192
vm_03475,4,65536
vm_03476,2,2048
vm_03477,2,8192
vm_03478,24,65536
vm_03479,2,2048
vm_03480,8,32768
vm_03481,4,32768
vm_03482,4,32768
vm_03483,2,2048
vm_03484,2,8192
vm_03485,2,2048
vm_03486,2,8192
vm_03487,4,32768
vm_03488,2,8192
vm_03489,2,8192
vm_03490,2,8192
vm_03491,4,8192
vm_03492,4,8192
vm_03493,2,4096
vm_03494,2,8192
vm_03495,4,32768
vm_03496,8,32768
vm_03497,2,8192
vm_03498,2,8192
vm_03499,2,8192
vm_03500,2,4096
vm_03501,4,32768
vm_03502,2,8192
vm_03503,2,8192
vm_03504,2,2048
vm_03505,4,32768
vm_03506,2,8192
vm_03507,2,4096
vm_03508,2,4096
vm_03509,2,8192
vm_03510,2,4096
vm_03511,2,8192
vm_03512,2,8192
vm_03513,4,32768
vm_03514,8,32768
vm_03515,4,32768
vm_03516,4,32768
vm_03517,2,4096
vm_03518,2,4096
vm_03519,2,4096
vm_03520,2,4096
vm_03521,2,4096
vm_03522,4,65536
vm_03523,4,32768
vm_03524,24,65536
vm_03525,4,32768
vm_03526,4,8192
vm_03527,2,2048
vm_03528,4,32768
vm_03529,2,8192
vm_03530,2,4096
vm_03531,4,32768
vm_03532,4,65536
vm_03533,4,32768
vm_03534,2,8192
vm_03535,2,8192
vm_03536,2,2048
vm_03537,4,32768
vm_03538,2,8192
vm_03539,2,8192
vm_03540,4,32768
vm_03541,8,32768
vm_03542,2,2048
vm_03543,2,8192
vm_03544,2,8192
vm_03545,4,32768
vm_03546,8,32768
vm_03547,2,8192
vm_03548,2,4096
vm_03549,4,32768
vm_03550,2,4096
vm_03551,4,65536
vm_03552,24,65536
vm_03553,4,32768
vm_03554,2,8192
vm_03555,4,32768
vm_03556,4,8192
vm_03557,4,32768
vm_03558,4,65536
vm_03559,8,32768
vm_03560,2,8192
vm_03561,2,4096
vm_03562,2,8192
vm_03563,2,2048
vm_03564,2,8192
vm_03565,4,32768
vm_03566,2,4096
vm_03567,2,4096
vm_03568,2,8192
vm_03569,2,8192
vm_03570,4,32768
vm_03571,8,32768
vm_03572,4,32768
vm_03573,2,8192
vm_03574,2,8192
vm_03575,8,65536
vm_03576,4,32768
vm_03577,4,32768
vm_03578,4,32768
vm_03579,24,65536
vm_03580,4,32768
vm_03581,4,65536
vm_03582,2,8192
vm_03583,2,8192
vm_03584,2,8192
vm_03585,2,8192
vm_03586,2,8192
vm_03587,4,32768
vm_03588,2,4096
vm_03589,2,8192
vm_03590,24,65536
vm_03591,4,32768
vm_03592,2,8192
vm_03593,2,4096
vm_03594,2,2048
vm_03595,2,2048
vm_03596,2,4096
vm_03597,2,8192
vm_03598,2,4096
vm_03599,4,32768
vm_03600,2,8192
vm_03601,2,4096
vm_03602,4,32768
vm_03603,4,32768
vm_03604,2,8192
vm_03605,4,32768
vm_03606,4,32768
vm_03607,2,8192
vm_03608,2,2048
vm_03609,2,8192
vm_03610,4,32768
vm_03611,4,32768
vm_03612,2,8192
vm_03613,4,65536
vm_03614,4,8192
vm_03615,4,32768
vm_03616,4,32768
vm_03617,4,32768
vm_03618,2,8192
vm_03619,2,8192
vm_03620,4,32768
vm_03621,2,4096
vm_03622,4,32768
vm_03623,2,8192
vm_03624,2,8192
vm_03625,2,4096
vm_03626,4,32768
vm_03627,2,4096
vm_03628,2,4096
vm_03629,2,4096
vm_03630,2,8192
vm_03631,2,8192
vm_03632,2,2048
vm_03633,4,32768
vm_03634,4,65536
